content,clean1,clean2,clean3,clean_english,label
"@ChomZdelaRoCa Mantap, pak Jokowi mundurlah dengan bijak dan tentunya akan di kawal pulang ke Solo secara damai.", mantap pak jokowi mundurlah dengan bijak dan tentunya akan di kawal pulang ke solo secara damai,mantap jokowi mundurlah bijak kawal pulang solo damai,mantap jokowi mundur bijak kawal pulang solo damai,Steady Jokowi Retreating Wisdom Kawal Returns Solo Peace ,positive
"Jokowi: Universitas Tidak Perlu Menghalangi Mahasiswa untuk Berekspresi https://t.co/hElVPi5mEm https://t.co/jQLAtmngkg

#BeritaSonora via @KompasTV",jokowi universitas tidak perlu menghalangi mahasiswa untuk berekspresi  beritasonora via ,jokowi universitas menghalangi mahasiswa berekspresi beritasonora via,jokowi universitas halang mahasiswa ekspres beritasonora via,Jokowi University of Halang Student Express BeritaTora Via ,neutral
"@logic_editor JokowiÂ PemimpinÂ Asia
Jokowi Pelindung Asia
Jokowi Cahaya Asia.", jokowiÂ pemimpinÂ asiajokowi pelindung asiajokowi cahaya asia,jokowi pemimpin asiajokowi pelindung asiajokowi cahaya asia,jokowi pimpin asiajokowi lindung asiajokowi cahaya asia,Jokowi Leads Asajokowi Protected Asian Light Asia ,positive
@Mugundi @VIVAcoid @bemkmipb mahasiswa jaman jokowi udah ngga segarang dulu takut sama aparat giimana bisa mau menumbang kan rezim jokowi,   mahasiswa jaman jokowi udah ngga segarang dulu takut sama aparat giimana bisa mau menumbang kan rezim jokowi,mahasiswa jaman jokowi udah ngga segarang takut aparat giimana menumbang rezim jokowi,mahasiswa jaman jokowi udah ngga garang takut aparat giimana tumbang rezim jokowi,Jokowi's era students have not fierce fear of the apparatus to fall the Jokowi regime ,positive
@tunggul_edward @dzulfian @jokowi ğŸ¤£ğŸ¤£ğŸ¤£,   ğŸ¤£ğŸ¤£ğŸ¤£,ğŸ¤£ğŸ¤£ğŸ¤£,,,neutral
@tempodotco Artinya pak Jokowi menerima kritik itu kan ya? Apa udah juga termasuk meng-amini nya?, artinya pak jokowi menerima kritik itu kan ya apa udah juga termasuk mengamini nya,jokowi menerima kritik ya udah mengamini nya,jokowi terima kritik ya udah amin nya,"Jokowi received criticism, it was already amen ",negative
@vitygf rakyat jokowiğŸ˜, rakyat jokowiğŸ˜,rakyat jokowiğŸ˜,rakyat jokowi,Jokowi's people ,neutral
"@VIVAcoid Dibungkam? Koq masih bisa bikin meme jokowi dimedsos kayaknya adik kita yg belum bisa kerja ini gagal paham atau memang pahamnya yg selalu gagal
Mahasiswa dibungkam tuh jamannya junjunganya fadli zon siang loe kritik sore loe menguap entah kemana", dibungkam koq masih bisa bikin meme jokowi dimedsos kayaknya adik kita yg belum bisa kerja ini gagal paham atau memang pahamnya yg selalu gagalmahasiswa dibungkam tuh jamannya junjunganya fadli zon siang loe kritik sore loe menguap entah kemana,dibungkam koq bikin meme jokowi dimedsos kayaknya adik yg kerja gagal paham pahamnya yg gagalmahasiswa dibungkam tuh jamannya junjunganya fadli zon siang loe kritik sore loe menguap kemana,bungkam koq bikin meme jokowi dimedsos kayak adik yg kerja gagal paham paham yg gagalmahasiswa bungkam tuh jaman junjunganya fadli zon siang loe kritik sore loe uap mana,"Koq is silent making memes jokowi dimedsos like a younger brother who works fails to understand the failure of students silence, the time of visiting Fadli Zon is the afternoon criticism of the afternoon loe ",negative
"@Itoonk1 @tinotagadine @PekikMenoreh @jokowi Coba Download 
https://t.co/iO5F1vaq7a

Sama

https://t.co/O9R8BQkIg8

Sangat membantu utk daftar online... 

Sehat selalu....ğŸ˜ŠğŸ™",    coba download samasangat membantu utk daftar online sehat selaluğŸ˜ŠğŸ™,coba download samasangat membantu utk daftar online sehat selaluğŸ˜ŠğŸ™,coba download samasangat bantu utk daftar online sehat selalu,try downloading spirit helps to register online healthy always ,positive
"wkwkwkwoakwk uchiha prabowo, uzumaki jokowi https://t.co/ibP1TCrd2n",wkwkwkwoakwk uchiha prabowo uzumaki jokowi ,wkwkwkwoakwk uchiha prabowo uzumaki jokowi,wkwkwkwoakwk uchiha prabowo uzumaki jokowi,wkwkwkwoakwk uchiha prabowo uzumaki jokowi ,neutral
@cokro_ks @jokowi https://t.co/dfVFCMCyd3,  ,,,,neutral
Selesai.. apa gak malu oposisi dan para pembencinya ya? Terus sehat &amp; bahagia selalu Pak Presiden @jokowi .. Salam hormat dari rakyatmu.. https://t.co/SXcIwFZ4YU,selesai apa gak malu oposisi dan para pembencinya ya terus sehat amp bahagia selalu pak presiden   salam hormat dari rakyatmu ,selesai gak malu oposisi pembencinya ya sehat amp bahagia presiden salam hormat rakyatmu,selesai gak malu oposisi benci ya sehat amp bahagia presiden salam hormat rakyat,finished not ashamed of the opposition hate yes healthy amp happy president greetings respectful people ,positive
@detikcom makasih pak Jokowi, makasih pak jokowi,makasih jokowi,makasih jokowi,Thank you Jokowi ,positive
"Tanggapan presiden @jokowi atas kritikan mahasiswa UI sebagai bentuk ekspresi di negara demokrasi

https://t.co/tWfaNV0ue2

#IndonesiaMaju",tanggapan presiden  atas kritikan mahasiswa ui sebagai bentuk ekspresi di negara demokrasiindonesiamaju,tanggapan presiden kritikan mahasiswa ui bentuk ekspresi negara demokrasiindonesiamaju,tanggap presiden kritik mahasiswa ui bentuk ekspresi negara demokrasiindonesiamaju,President's response criticism of UI students forms the expression of the Indonesian democracy forward ,negative
"Penjelasan Lengkap Jokowi Pernah Disebut Planga-plongo, Bapak Bipang hingga The King of Lip Service https://t.co/5onKxspCuG",penjelasan lengkap jokowi pernah disebut plangaplongo bapak bipang hingga the king of lip service ,penjelasan lengkap jokowi plangaplongo bipang the king of lip service,jelas lengkap jokowi plangaplongo bipang the king of lip service,Clearly Complete Jokowi Plataplongo Bipang The King of Lip Service ,positive
"BEM UI Kritik Jokowi, Istana: Presiden Tak Punya Waktu Urusi Hal Tak Faedah

https://t.co/rsIsofeTyn",bem ui kritik jokowi istana presiden tak punya waktu urusi hal tak faedah,bem ui kritik jokowi istana presiden urusi faedah,bem ui kritik jokowi istana presiden urus faedah,BEM UI UI Jokowi Presidential Palace Manage Benefits ,positive
"Jokowi The King of Lip Service: Pengamat Hingga Politisi Tanggapi Sikap Rektor UI, Jangan Lebai https://t.co/i2zOHBjchr",jokowi the king of lip service pengamat hingga politisi tanggapi sikap rektor ui jangan lebai ,jokowi the king of lip service pengamat politisi tanggapi sikap rektor ui lebai,jokowi the king of lip service amat politis tanggap sikap rektor ui lebai,Jokowi The King of Lip Service is very political responsively the attitude of the UI Chancellor Lebai ,neutral
"@tempodotco Sok banget lu pak jok.. Munafik.. Buktinya yg gk sependapat sm kebijakan elo pd disikat habis.. Bnyk tahanan politik dijamanmu pak @jokowi 
Ini orang keknya gk ngerti keadaan ngrnya apa gimanağŸ™„", sok banget lu pak jok munafik buktinya yg gk sependapat sm kebijakan elo pd disikat habis bnyk tahanan politik dijamanmu pak  ini orang keknya gk ngerti keadaan ngrnya apa gimanağŸ™„,sok banget lu jok munafik buktinya yg gk sependapat sm kebijakan elo pd disikat habis bnyk tahanan politik dijamanmu orang keknya gk ngerti ngrnya gimanağŸ™„,sok banget lu jok munafik bukti yg gk dapat sm bijak elo pd sikat habis bnyk tahan politik jam orang kek gk ngerti ngrnya gimana,"I'm really a hypocritical seat of the evidence that I can't get it wise, you have to brush it, it's not political, but it doesn't work, don't work? ",negative
"@MSApunya @kemalarsjad kemana otak bangsat @kemalarsjad , @KemenBUMN cuma jd ajang bagi"" uang sama @erickthohir 
cc @jokowi",  kemana otak bangsat    cuma jd ajang bagi uang sama  cc ,kemana otak bangsat jd ajang uang cc,mana otak bangsat jd ajang uang cc,where brain bastard jd cc money event ,negative
"Dukung BEM UI Kritik Jokowi, Din Syamsuddin:Upaya Pembungkaman Tak Bisa Dimatikan!

https://t.co/KpOOnfbUkT",dukung bem ui kritik jokowi din syamsuddinupaya pembungkaman tak bisa dimatikan,dukung bem ui kritik jokowi din syamsuddinupaya pembungkaman dimatikan,dukung bem ui kritik jokowi din syamsuddinupaya bungkam mati,Support BEM UI Criticism Jokowi Din Syamsuddinupaya Mute Dead ,negative
BEM Universitas Indonesia (UI) menyebut alasan di balik menyematkan julukan King of Lip Service kepada Presiden Joko Widodo (Jokowi) https://t.co/Ftik7RD8DZ,bem universitas indonesia ui menyebut alasan di balik menyematkan julukan king of lip service kepada presiden joko widodo jokowi ,bem universitas indonesia ui menyebut alasan menyematkan julukan king of lip service presiden joko widodo jokowi,bem universitas indonesia ui sebut alas semat juluk king of lip service presiden joko widodo jokowi,BEM University of Indonesia UI Called the Semat Alas King of Lip Service President Joko Widodo Jokowi ,negative
"Pakde @jokowi  jokowi emg penyabar jujur , berani... https://t.co/x2yucQzcmT",pakde   jokowi emg penyabar jujur  berani ,pakde jokowi emg penyabar jujur berani,pakde jokowi emg sabar jujur berani,pakde jokowi emg patient honestly brave ,positive
"@Riesta081980 @H_Safardan_ @veraagustian_ @jokowi Dijalankan kalo terlalu menumpuk hutang pada akhirnya bakal seperti yg 32 tahun berkuasa,,,, bahkan bisa lebih parah setelah KPK dilemahkan melalui revisi.",    dijalankan kalo terlalu menumpuk hutang pada akhirnya bakal seperti yg  tahun berkuasa bahkan bisa lebih parah setelah kpk dilemahkan melalui revisi,dijalankan kalo menumpuk hutang yg berkuasa parah kpk dilemahkan revisi,jalan kalo tumpuk hutang yg kuasa parah kpk lemah revisi,the way if the debt is a severe power of the KPK weak revision ,negative
"@Dennysiregar7 Usai â€œJokowi: The King Of Lip Serviceâ€, Muncul Panggilan â€œRevolusi Indonesia 2021â€ Dari PB HMI
https://t.co/SLFDF9pJxU", usai jokowi the king of lip service muncul panggilan revolusi indonesia  dari pb hmi,jokowi the king of lip service muncul panggilan revolusi indonesia pb hmi,jokowi the king of lip service muncul panggil revolusi indonesia pb hmi,Jokowi The King of Lip Service Appears Calling the Indonesian Revolution PB HMI ,neutral
@yusuf_dumdum @jokowi @DownloaderBot,  ,,,,neutral
@yusuf_dumdum @habibthink @jokowi https://t.co/IK0dCJjPFy,   ,,,,neutral
"BEM UI Disoal Gegara 'Gelar' Jokowi, BEM UNS: Rektor Jadi Jabatan Politis

https://t.co/2RpRwPMRFp",bem ui disoal gegara gelar jokowi bem uns rektor jadi jabatan politis,bem ui disoal gegara gelar jokowi bem uns rektor jabatan politis,bem ui soal gegara gelar jokowi bem uns rektor jabat politis,bem ui about the title of jokowi jokowi bem uns chancellor of political jath ,neutral
@idtodayco Iya betull belum ada presiden negara kita yg utange sp sundul langit kecuali jokowi, iya betull belum ada presiden negara kita yg utange sp sundul langit kecuali jokowi,iya betull presiden negara yg utange sp sundul langit kecuali jokowi,iya betull presiden negara yg utange sp sundul langit kecuali jokowi,yes Betull president of the country that the SP sundul sky sponge except Jokowi ,positive
"Tanggapan Presiden @jokowi mengenai kritikan mahasiswa

https://t.co/xfXEBaESpM

#IndonesiaMaju",tanggapan presiden  mengenai kritikan mahasiswaindonesiamaju,tanggapan presiden kritikan mahasiswaindonesiamaju,tanggap presiden kritik mahasiswaindonesiamaju,Response to the president of the criticism of Indonesian students to advance ,negative
"Diam-diam Pinangki Sirna Malasari Bikin Jaksa Agung ST Burhanuddin Dilaporkan ke Presiden Jokowi, Ini Sebabnya https://t.co/XodK8bUDDL",diamdiam pinangki sirna malasari bikin jaksa agung st burhanuddin dilaporkan ke presiden jokowi ini sebabnya ,diamdiam pinangki sirna malasari bikin jaksa agung st burhanuddin dilaporkan presiden jokowi,diamdiam pinangki sirna malasari bikin jaksa agung st burhanuddin lapor presiden jokowi,Diamiam Pinangki Sirna Malasari Biked Attorney Study St. Burhanuddin Report President Jokowi ,neutral
"Dikritik BEM UI The King of Lip Service, Jokowi: Ingat Kita Punya Budaya Sopan Santun https://t.co/COKh7Gh7kW",dikritik bem ui the king of lip service jokowi ingat kita punya budaya sopan santun ,dikritik bem ui the king of lip service jokowi budaya sopan santun,kritik bem ui the king of lip service jokowi budaya sopan santun,Criticism of the BEM UI The King of Lip Service Jokowi Culture Manners ,negative
"Sebelum BEM UI menyindir Jokowi: The King of Lip Service, BEM UGM sudah lebih dulu menyindir Jokowi sebagai presiden orde (paling) baru. Sindiran itu dilayangkan saat Jokowi berulang tahun yang ke-60 pada 21 Juni 2021. | #Nasional 

https://t.co/fvopkT9rrE",sebelum bem ui menyindir jokowi the king of lip service bem ugm sudah lebih dulu menyindir jokowi sebagai presiden orde paling baru sindiran itu dilayangkan saat jokowi berulang tahun yang  pada  juni   nasional ,bem ui menyindir jokowi the king of lip service bem ugm menyindir jokowi presiden orde sindiran dilayangkan jokowi berulang juni nasional,bem ui sindir jokowi the king of lip service bem ugm sindir jokowi presiden orde sindir layang jokowi ulang juni nasional,BEM UI Sindir Jokowi The King Of Lip Service BEM UGM Sindir Jokowi President Order Satang Sindir Jokowi Birthday Juni National ,neutral
@kumparan Serius nih ? @jokowi, serius nih  ,serius nih,serius nih,Seriously ,negative
"Ketum HMI: Pak Jokowi Gentlemen Saja, Ngapain Bertahan Kalau Hanya Menambah Derita Rakyat

https://t.co/UNe0j93IpZ",ketum hmi pak jokowi gentlemen saja ngapain bertahan kalau hanya menambah derita rakyat,ketum hmi jokowi gentlemen ngapain bertahan menambah derita rakyat,tum hmi jokowi gentlemen ngapain tahan tambah derita rakyat,Tum HMI Jokowi Gentlemen is doing to resist the folk suffering ,negative
"BEM UI + HMI pendukung berat HTI, FPI, mereka pelopor terdepan melanjutkan cita2 negara khilafah, visi-misi mereka menjadikan indonesia sebagai suriah ke 2 mereka lupa bahwa rencana mereka dihadang oleh Allah SWT dgn mengirim jokowi sebagai penyelamat bangsa ini dari penghianatan https://t.co/przGkJXlRh",bem ui  hmi pendukung berat hti fpi mereka pelopor terdepan melanjutkan  negara khilafah visimisi mereka menjadikan indonesia sebagai suriah ke  mereka lupa bahwa rencana mereka dihadang oleh allah swt dgn mengirim jokowi sebagai penyelamat bangsa ini dari penghianatan ,bem ui hmi pendukung berat hti fpi pelopor terdepan melanjutkan negara khilafah visimisi menjadikan indonesia suriah lupa rencana dihadang allah swt dgn mengirim jokowi penyelamat bangsa penghianatan,bem ui hmi dukung berat hti fpi pelopor depan lanjut negara khilafah visimisi jadi indonesia suriah lupa rencana dihadang allah swt dgn kirim jokowi selamat bangsa penghianatan,BEM UI HMI Supports HIGH HTI FPI Future Front Pioneer Further Caliphate State Visiment So Indonesia Syria Forgot to Plan Allah SWT Send Jokowi Happy Nation ,positive
"Tanggapan Presiden @jokowi mengenai Kritikan Mahasiswa, Istana Merdeka, 29 Juni 2021

Indonesia Pusaka
https://t.co/nKOpsPNWbR

#jokowi #jokowidodo #indonesiapusaka #indonesiamaju #indonesia #presidenri7 #indonesianpresident #kritikmembangun #universitasindonesia https://t.co/mKQD3OJI37",tanggapan presiden  mengenai kritikan mahasiswa istana merdeka  juni indonesia pusakajokowi jokowidodo indonesiapusaka indonesiamaju indonesia  indonesianpresident kritikmembangun universitasindonesia ,tanggapan presiden kritikan mahasiswa istana merdeka juni indonesia pusakajokowi jokowidodo indonesiapusaka indonesiamaju indonesia indonesianpresident kritikmembangun universitasindonesia,tanggap presiden kritik mahasiswa istana merdeka juni indonesia pusakajokowi jokowidodo indonesiapusaka indonesiamaju indonesia indonesianpresident kritikmembangun universitasindonesia,Response president criticism of Merdeka Merdeka Palace students in Indonesia Pusakajokowi Jokowidodo IndonesiaPusaka Indonesia Indonesia Indonesia Indonesian Criticism Build Universitas Indonesia ,negative
@kartarahardja @Komaini_ahmad24 @AndryWaseso @hidahidaan @jokowi Mending minta maaf dah salah nuduh trus tutup akun..beneran..malu2in pak ğŸ™„,     mending minta maaf dah salah nuduh trus tutup  pak ğŸ™„,mending maaf dah salah nuduh trus tutup ğŸ™„,mending maaf dah salah nuduh trus tutup,"Mending sorry, it's wrong, it's not close ",negative
Jokowi Minta Kampus Tak Halangi Mahasiswa Berekspresi https://t.co/KsyyJYFV0l,jokowi minta kampus tak halangi mahasiswa berekspresi ,jokowi kampus halangi mahasiswa berekspresi,jokowi kampus halang mahasiswa ekspres,Jokowi Campus Halang Students Express ,neutral
"@yusuf_dumdum @jokowi Pas banget budaya tata krama sopan santun, itu yg tdk dimiliki cah ipk 3,5",  pas banget budaya tata krama sopan santun itu yg tdk dimiliki cah ipk ,pas banget budaya tata krama sopan santun yg tdk dimiliki cah ipk,pas banget budaya tata krama sopan santun yg tdk milik cah ipk,it's really right the culture of the manners who don't belong to Cah GPA ,neutral
"@maspiyuaja Kenyataanya jokowi masih presiden republik indonesia, lo orang nyinyir saben menit saben hari jga ga masalah, apa lagi cuma di prediksi lhaaa jelas"" 2019 lo mau ganti jokowi aja ngibul, sudahlah sakit hati gerombolanmu bawalah sampe ajal menjemput, dan terimalah  siksa nerakağŸ™ƒğŸ™ƒ", kenyataanya jokowi masih presiden republik indonesia lo orang nyinyir saben menit saben hari jga ga masalah apa lagi cuma di prediksi lhaaa jelas  lo mau ganti jokowi aja ngibul sudahlah sakit hati gerombolanmu bawalah sampe ajal menjemput dan terimalah  siksa nerakağŸ™ƒğŸ™ƒ,kenyataanya jokowi presiden republik indonesia lo orang nyinyir saben menit saben jga ga prediksi lhaaa lo ganti jokowi aja ngibul sakit hati gerombolanmu bawalah sampe ajal menjemput terimalah siksa nerakağŸ™ƒğŸ™ƒ,kenyataanya jokowi presiden republik indonesia lo orang nyinyir saben menit saben jga ga prediksi lhaaa lo ganti jokowi aja ngibul sakit hati gerombol bawa sampe ajal jemput terima siksa neraka,DEMANYASHION President of Indonesia Lo Myself per minute per minute every time you predominally to break the pain of haniques for a climate to hell ,negative
"@dzulfian @jokowi Pak @jokowi bisa jd PRESIDEN RI 2 periode! Lo &amp; si bangsat jd apa?
Temen lo paling lulus jadi GELANDANGAN POLITIK!
Hari gini pamer IPK? Mikir tong..!
IPK tinggi tp hy bisa BACOTISASI ğŸ˜‚ğŸ˜‚ğŸ˜‚",  pak  bisa jd presiden ri  periode lo amp si bangsat jd apatemen lo paling lulus jadi gelandangan politikhari gini pamer ipk mikir tongipk tinggi tp hy bisa bacotisasi ğŸ˜‚ğŸ˜‚ğŸ˜‚,jd presiden ri periode lo amp si bangsat jd apatemen lo lulus gelandangan politikhari gini pamer ipk mikir tongipk tp hy bacotisasi ğŸ˜‚ğŸ˜‚ğŸ˜‚,jd presiden ri periode lo amp si bangsat jd apatemen lo lulus gelandang politikhari gin pamer ipk mikir tongipk tp hy bacot,JD President of the Republic of Indonesia for the Si Bangsat Jd Apatemen Lo Pass Midfielder Politikhari Gin Show Off the GPA Thinking Tongipk TP HY Bacot ,neutral
"@Dennysiregar7 @dzulfian ini mungkin MERASA pintar tp pintarnya di selimuti oleh KEBENCIAN AKUT PADA PRESIDEN JOKOWI
dia sedang berdebat dengan @adearmando1 tapi kenapa yg dia tanya IPK pak Jokowi? 
Kenapa Bukan tanya IPK mas Ade? 
NGAWUR BANGET kan?
Dasar KADRUN ğŸ˜€ğŸ¤£ğŸ˜‚ https://t.co/de2qc3by2Z",  ini mungkin merasa pintar tp pintarnya di selimuti oleh kebencian akut pada presiden jokowidia sedang berdebat dengan  tapi kenapa yg dia tanya ipk pak jokowi kenapa bukan tanya ipk mas ade ngawur banget kandasar kadrun ğŸ˜€ğŸ¤£ğŸ˜‚ ,pintar tp pintarnya selimuti kebencian akut presiden jokowidia berdebat yg ipk jokowi ipk mas ade ngawur banget kandasar kadrun ğŸ˜€ğŸ¤£ğŸ˜‚,pintar tp pintar selimut benci akut presiden jokowidia debat yg ipk jokowi ipk mas ade ngawur banget kandasar kadrun,Smart But Smart Blanket Hate Acute President Jokowidia Debate Who GPA Jokowi GPA Mas Ade Has Banget Kandasar Kadrun ,positive
@Cintada16 @Iyink7 @jokowi Ada yang lebih penting daripada nanggepin poster ga jelas...,   ada yang lebih penting daripada nanggepin poster ga jelas,nanggepin poster ga,nanggepin poster ga,Nanggepin Poster Ga ,neutral
Dia pernah jadi bawahannya jokowi malah dengan bobot akademik paspasan https://t.co/33XXeGpQMZ,dia pernah jadi bawahannya jokowi malah dengan bobot akademik paspasan ,bawahannya jokowi bobot akademik paspasan,bawah jokowi bobot akademik paspasan,under Jokowi Paspasan Academic Weight ,neutral
"Presiden Jokowi mengajak semua pihak untuk terus bersama-sama meningkatkan vaksinasi yg sdh tembus 1,3jt per hari supaya dapat dilipatgandakan

Seluruh pihak harus tetap bekerja keras agar target bisa tercapai dan meningkat

Jokowi Lawan Pandemi ğŸ’ª https://t.co/aD9T49rbGb",presiden jokowi mengajak semua pihak untuk terus bersamasama meningkatkan vaksinasi yg sdh tembus  per hari supaya dapat dilipatgandakanseluruh pihak harus tetap bekerja keras agar target bisa tercapai dan meningkatjokowi lawan pandemi ğŸ’ª ,presiden jokowi mengajak bersamasama meningkatkan vaksinasi yg sdh tembus dilipatgandakanseluruh keras target tercapai meningkatjokowi lawan pandemi ğŸ’ª,presiden jokowi ajak bersamasama tingkat vaksinasi yg sdh tembus dilipatgandakanseluruh keras target capai meningkatjokowi lawan pandemi,President Jokowi invited to be equal to the level of vaccination that had been translucent throughout the achievable target of the achievement to increase against pandemic ,positive
@tempodotco @PutraWadapi Pak @jokowi masalahnya pendukung2 anda pd mencoba membungkam ğŸ˜‚,  pak  masalahnya  anda pd mencoba membungkam ğŸ˜‚,pd mencoba membungkam ğŸ˜‚,pd coba bungkam,Pd try silencing ,negative
"@EsterSusiani2 aku gak peecaya jokowi kadrun dong...

padahal aku percaya Yesus loh...ğŸ˜", aku gak peecaya jokowi kadrun dongpadahal aku percaya yesus lohğŸ˜,gak peecaya jokowi kadrun dongpadahal percaya yesus lohğŸ˜,gak peecaya jokowi kadrun dongpadahal percaya yesus loh,not peecaya Jokowi Kadrun Dongpadahal believes Jesus ,neutral
"@YRadianto Mohon dipastikan ketersediaan vaksinnya jg pak @jokowi @budisadikin62 @KemenkesRI , kemaren sy sekeluarga dtg ke RSPAW ternyata pake kuota hanya u/1000org pd tgl 26/6. Utk vaksin selanjutnya disuruh mantengin medsos mrk. Gimana mau 2x lipat??", mohon dipastikan ketersediaan vaksinnya jg pak     kemaren sy sekeluarga dtg ke rspaw ternyata pake kuota hanya  pd tgl  utk vaksin selanjutnya disuruh mantengin medsos mrk gimana mau  lipat,mohon ketersediaan vaksinnya jg kemaren sy sekeluarga dtg rspaw pake kuota pd tgl utk vaksin disuruh mantengin medsos mrk gimana lipat,mohon sedia vaksin jg kemaren sy keluarga dtg rspaw pake kuota pd tgl utk vaksin suruh mantengin medsos mrk gimana lipat,"Please available for vaccines yesterday, I was a family with the RSPAW using a quota on the vaccine to send Makeengin Medsos MrK, how to fold ",positive
@yusuf_dumdum @jokowi Pakde @jokowi mah woles... ğŸ˜,  pakde  mah woles ğŸ˜,pakde mah woles ğŸ˜,pakde mah woles,Pakde mah woles. ,neutral
"Yang kaya gini mau dipilih lagi? Its not about jokowi, its about the system behind it. https://t.co/0zlaQckAVJ",yang kaya gini mau dipilih lagi its not about jokowi its about the system behind it ,kaya gini dipilih its not about jokowi its about the system behind it,kaya gin pilih its not about jokowi its about the system behind it,kaya gin pilih its not about jokowi its about the system behind it ,negative
"Ada yang masih punya kendi? Seger mak glek glek.. Apalagi kalau minumnya bersama beliau beliau, pasti gayeng tenan. 

Kangen kumpul sedulur, diskusi lesehan disuguhi air kendi. Semoga pandemi ini segera usai.. ğŸ¤²ğŸ¤² aamiin 
Foto 2015 di Pendopo Samin Blora @ganjarpranowo @jokowi https://t.co/KrkVulCzJg",ada yang masih punya kendi seger mak glek glek apalagi kalau minumnya bersama beliau beliau pasti gayeng tenan kangen kumpul sedulur diskusi lesehan disuguhi air kendi semoga pandemi ini segera usai ğŸ¤²ğŸ¤² aamiin foto  di pendopo samin blora   ,kendi seger mak glek glek minumnya beliau beliau gayeng tenan kangen kumpul sedulur diskusi lesehan disuguhi air kendi semoga pandemi ğŸ¤²ğŸ¤² aamiin foto pendopo samin blora,kendi seger mak glek glek minum beliau beliau gayeng tenan kangen kumpul dulur diskusi leseh suguh air kendi moga pandemi aamiin foto pendopo samin blora,Fresh Slip Glek Guk Guk Minum Beliau Beliau Gayen Really Missing The Discussion Falling Daily Really To Water Cord Pandemi Aamiin Photos Of Aam Blora ,positive
@kumparan @BEMUI_Official @jokowi Niiihh...!n https://t.co/ralAI88cvh,   niiihhn ,niiihhn,niiihhn,Niiihnhn ,positive
@Cintada16 @jokowi Mantaf pak de,  mantaf pak de,mantaf de,mantaf de,Tower ,negative
"Setelah BEM UI, Giliran Aliansi Mahasiswa UGM Beri Gelar Juara untuk Jokowi https://t.co/LVvGbun9jX",setelah bem ui giliran aliansi mahasiswa ugm beri gelar juara untuk jokowi ,bem ui giliran aliansi mahasiswa ugm gelar juara jokowi,bem ui gilir aliansi mahasiswa ugm gelar juara jokowi,BEM UI Garir UGM Student Alliance Jokowi Champion ,neutral
"@ChomZdelaRoCa hahahaha @jokowi gapapa ,tapi para buzzeRp gak sanggup nahan kalau dia mundur...
biar negara hancur asal mereka kenyang dr hasil jilat jenderal tua busuk", hahahaha  gapapa tapi para buzzerp gak sanggup nahan kalau dia mundurbiar negara hancur asal mereka kenyang dr hasil jilat jenderal tua busuk,hahahaha gapapa buzzerp gak sanggup nahan mundurbiar negara hancur kenyang dr hasil jilat jenderal tua busuk,hahahaha gapapa buzzerp gak sanggup nahan mundurbiar negara hancur kenyang dr hasil jilat jenderal tua busuk,hahahaha gapapa buzzerp it can't be able to hold the resignation of the country destroyed from the lickers of rotten old general ,positive
"Heboh! BEM UI Kritik Jokowi Begini Tanggapan BEM Unsri
https://t.co/5BIiV0yq6P",heboh bem ui kritik jokowi begini tanggapan bem unsri,heboh bem ui kritik jokowi tanggapan bem unsri,heboh bem ui kritik jokowi tanggap bem unsri,excited BEM UI criticism of Jokowi BEM UNSRI ,positive
"@Fadim98171431 @AdeNursaadah @dzulfian @jokowi Kepercayaan bergantung pd hsl kinerja, makany novel g meragukanğŸ¤¸",    kepercayaan bergantung pd hsl kinerja makany novel g meragukanğŸ¤¸,kepercayaan bergantung pd hsl kinerja makany novel g meragukanğŸ¤¸,percaya gantung pd hsl kerja makany novel g ragu,believe in hanging pd hsl job novel n hesitate ,negative
"@dzulfian @jokowi Waaah....percuma juga kamu belajar jauh2 kalau cuma ngebanggain angka2 dzul...ğŸ‘ğŸ»ğŸ‘ğŸ»ğŸ‘ğŸ»
Fakta  kehidupan yang di liat...apa karena satu almamater sama si Leon .. ???
Cara kamu berpikir sangat cetek  nak...ğŸ˜Œ",  waaahpercuma juga kamu belajar  kalau cuma ngebanggain  dzulğŸ‘ğŸ»ğŸ‘ğŸ»ğŸ‘ğŸ»fakta  kehidupan yang di liatapa karena satu almamater sama si leon  cara kamu berpikir sangat cetek  nakğŸ˜Œ,waaahpercuma belajar ngebanggain dzulğŸ‘ğŸ»ğŸ‘ğŸ»ğŸ‘ğŸ»fakta kehidupan liatapa almamater si leon berpikir cetek nakğŸ˜Œ,waaahpercuma ajar ngebanggain dzul fakta hidup liatapa almamater si leon pikir cetek nak,waaahpercuma teaches ngembangin dzul the fact of living liatapa alma mater the leon thinks cetek kid ,neutral
Di iyakan saja deh si @ruhutsitompul  faktanya memang melebihi 6 presiden sebelumnya. Faktanya uang era Jokowi melebihi 6 presiden sebelumnya. https://t.co/97vIyAr4Ry,di iyakan saja deh si   faktanya memang melebihi  presiden sebelumnya faktanya uang era jokowi melebihi  presiden sebelumnya ,iyakan deh si faktanya melebihi presiden faktanya uang era jokowi melebihi presiden,iya deh si fakta lebih presiden fakta uang era jokowi lebih presiden,"yes, the facts are more the fact that the era of Jokowi's era is more president ",negative
"@BersamaSahabat4 Yg jrlas dan fakta bhw Jokowi dipercaya rakyat unt memimpin negeri ini. Segelintir dr yg mengatakan mahasiswa dan Rizal Ramli yg selalu tdk pernah bisa paham dg strategi pembangunan jkw. Kwkwk RR mimpin rmh tangganya aja gak pecus, lihat rakyat papua /indonesia timur respeck jkw", yg jrlas dan fakta bhw jokowi dipercaya rakyat unt memimpin negeri ini segelintir dr yg mengatakan mahasiswa dan rizal ramli yg selalu tdk pernah bisa paham dg strategi pembangunan jkw kwkwk rr mimpin rmh tangganya aja gak pecus lihat rakyat papua indonesia timur respeck jkw,yg jrlas fakta bhw jokowi dipercaya rakyat unt memimpin negeri segelintir dr yg mahasiswa rizal ramli yg tdk paham dg strategi pembangunan jkw kwkwk rr mimpin rmh tangganya aja gak pecus lihat rakyat papua indonesia timur respeck jkw,yg jrlas fakta bhw jokowi percaya rakyat unt pimpin negeri gelintir dr yg mahasiswa rizal ramli yg tdk paham dg strategi bangun jkw kwkwk rr mimpin rmh tangga aja gak cus lihat rakyat papua indonesia timur respeck jkw,The fact that the fact is that Jokowi believes in the people to lead the country from the students who are Rizal Ramli who do not understand the strategy to wake up JKW KWKWK RR leaders to the stairs just don't look at Papuan Indonesia east of Respeck JKW ,positive
@geloraco jokowi ngga mau mundur dia ingin mensengsara kan rakyat kecil untuk 3 tahun lagi malah pengen nambah 1 priode lagi ngga tauh malu, jokowi ngga mau mundur dia ingin mensengsara kan rakyat kecil untuk  tahun lagi malah pengen nambah  priode lagi ngga tauh malu,jokowi ngga mundur mensengsara rakyat pengen nambah priode ngga tauh malu,jokowi ngga mundur sengsara rakyat ken nambah priode ngga tauh malu,Jokowi do you withdraw the folk ken adding priode nghuh shame ,negative
"""Ya jadi saya kira ini bentuk ekspresi mahasiswa dan ini negara demokrasi jadi kritik boleh-boleh saja, universitas tidak perlu menghalangi mahasiswa untuk berekspresi,"" ucap Jokowi, Selasa (29/6/2021). https://t.co/qLGYud3ZHy",ya jadi saya kira ini bentuk ekspresi mahasiswa dan ini negara demokrasi jadi kritik bolehboleh saja universitas tidak perlu menghalangi mahasiswa untuk berekspresi ucap jokowi selasa  ,ya bentuk ekspresi mahasiswa negara demokrasi kritik bolehboleh universitas menghalangi mahasiswa berekspresi jokowi selasa,ya bentuk ekspresi mahasiswa negara demokrasi kritik bolehboleh universitas halang mahasiswa ekspres jokowi selasa,"Yes, a form of expression of student democracies criticism maybe the University of Halang students of Ekspres Jokowi Tuesday ",positive
"@tjapoenglaut Pas dulu aku dkng Jokowi,kwn buruh dukung wowo..", pas dulu aku dkng jokowikwn buruh dukung wowo,pas dkng jokowikwn buruh dukung wowo,pas dkng jokowikwn buruh dukung wowo,right when Jokowikwn workers supported Wowo ,neutral
"@RamliRizal @jokowi Output â€œmulutâ€ dengan kata2 â€œgagalâ€, â€œnegatifâ€, iri hati, dengki, â€œbahasa sampahâ€ dll. dan berlimpah.
Kira2 alat produksi apa ya? Kalau kasing nya semua sama lah.
Cuma nanya, ğŸ™hadeeh",  output mulut dengan  gagal negatif iri hati dengki bahasa sampah dll dan berlimpah alat produksi apa ya kalau kasing nya semua sama lahcuma nanya ğŸ™hadeeh,output mulut gagal negatif iri hati dengki bahasa sampah dll berlimpah alat produksi ya kasing nya lahcuma nanya ğŸ™hadeeh,output mulut gagal negatif iri hati dengki bahasa sampah dll limpah alat produksi ya kasing nya lahcuma nanya hadeeh,Mouth output failed negative envy envy envy language Litter etc. Production tools Ya Kasing His Kasing ,negative
@antonioardoko @VIVAcoid Apa ada yang salah dari statment nya??? Apakah jokowi tak pernah membual???? Wowwwwwwwwwwwww masih dibutakan aje dengan janji janji manis yang tak pernah tau kapan itu ia tepati,  apa ada yang salah dari statment nya apakah jokowi tak pernah membual wowwwwwwwwwwwww masih dibutakan aje dengan janji janji manis yang tak pernah tau kapan itu ia tepati,salah statment nya jokowi membual wowwwwwwwwwwwww dibutakan aje janji janji manis tau tepati,salah statment nya jokowi bual wowwwwwwwwwwwww buta aje janji janji manis tau tepat,the wrong statement Jokowi for wwwwwwwwwwwwwww blind aje promises sweet promise know right ,negative
"""Ingat kita ini memiliki budaya tata krama, memiliki budaya kesopansantunan,"" kata Jokowi. https://t.co/ESXMwVjJFo",ingat kita ini memiliki budaya tata krama memiliki budaya kesopansantunan kata jokowi ,memiliki budaya tata krama memiliki budaya kesopansantunan jokowi,milik budaya tata krama milik budaya kesopansantunan jokowi,belongs to the culture of manners belonging to the culture of Salopansantunan Jokowi ,neutral
@ld_pandi @jokowi @aik_arif YNTKTS.,   yntkts,yntkts,yntkts,Yntkts ,positive
@Fadim98171431 @AdeNursaadah @dzulfian @jokowi Ini lg bahas yg mana sehğŸ™„,    ini lg bahas yg mana sehğŸ™„,lg bahas yg sehğŸ™„,lg bahas yg seh,discuss that ,neutral
"BEM UI Disoal Gegara 'Gelar' Jokowi, BEM UNS: Rektor Jadi Jabatan Politis
https://t.co/DmHxk72JV0",bem ui disoal gegara gelar jokowi bem uns rektor jadi jabatan politis,bem ui disoal gegara gelar jokowi bem uns rektor jabatan politis,bem ui soal gegara gelar jokowi bem uns rektor jabat politis,bem ui about the title of jokowi jokowi bem uns chancellor of political jath ,neutral
"@yusuf_dumdum @jokowi Nah, adik2 @BEMUI_Official @Leon_Alvinda @KemahasiswaanUI , bersyukur kalian punya presiden yg sabar dan demokratis. Tapi bukan berarti bisa seenak udel menghina dan ngelunjak, kita ini orang timur, ada adab dan tata krama. Kalau tidak mau junjung itu, pindah saja ke KORUT ğŸ™‚",  nah      bersyukur kalian punya presiden yg sabar dan demokratis tapi bukan berarti bisa seenak udel menghina dan ngelunjak kita ini orang timur ada adab dan tata krama kalau tidak mau junjung itu pindah saja ke korut ğŸ™‚,bersyukur presiden yg sabar demokratis seenak udel menghina ngelunjak orang timur adab tata krama junjung pindah korut ğŸ™‚,syukur presiden yg sabar demokratis enak udel hina ngelunjak orang timur adab tata krama junjung pindah korut,thanksgiving of the president who patient democratic delicious udel despicable to the eastern man Adab manners of junjung moved North Korea ,positive
"Dijuluki King of Lip Service oleh BEM UI, Jokowi: Mungkin Sedang Belajar Mengekspresikan Pendapat

https://t.co/J4QunphXpL

Download aplikasi Tribunnews untuk update berita terbaru

Dapatkan untuk Android: https://t.co/AEVHDGdHUB",dijuluki king of lip service oleh bem ui jokowi mungkin sedang belajar mengekspresikan pendapatdownload aplikasi tribunnews untuk update berita terbarudapatkan untuk android ,dijuluki king of lip service bem ui jokowi belajar mengekspresikan pendapatdownload aplikasi tribunnews update berita terbarudapatkan android,juluk king of lip service bem ui jokowi ajar ekspresi pendapatdownload aplikasi tribunnews update berita terbarudapatkan android,nicknamed King of Lip Service BEM UI Jokowi teaches expressions of opinionDownload applications tribunnews updates the latest news gaped android ,neutral
@bumnbersatu @domimaghu98 @beyahmad @jokowi @Dennysiregar7 @MARQUEZ__93 @ChusnulCh__ @LOVE_AG4EVER @eko_kuntadhi Bang kok gak pake helm?,         bang kok gak pake helm,bang gak pake helm,bang gak pake helm,bang don't use a helmet ,neutral
"President @jokowi Upaya BERSAMA Adalah KUNCI Tekan Penyebaran PandemiğŸ‘ğŸ»ğŸ‡®ğŸ‡©
@Aryprasetyo85 @T4ntryS1 @LibraWati5 @momcill_ @anaesterlin @Aussie_Indo @SarahDrAcad @mikuro06 @dewi_darmawati @NgkongRoses @Speedtrap_ @KDeddi135 @zi_vot @Rosequ7 @Iding30 @LOUXNFX      @Komplonkpsl_378 https://t.co/5hpmdNsw98",president  upaya bersama adalah kunci tekan penyebaran pandemiğŸ‘ğŸ»ğŸ‡®ğŸ‡©                      ,president upaya kunci tekan penyebaran pandemiğŸ‘ğŸ»ğŸ‡®ğŸ‡©,president upaya kunci tekan sebar pandemi,president key effort press pandemic ,positive
"@SaveMoslem1 Hayoloh..@erickthohir @jokowi 

ğŸ˜‚ğŸ˜‚", hayoloh  ğŸ˜‚ğŸ˜‚,hayoloh ğŸ˜‚ğŸ˜‚,hayoloh,Hayoloh ,neutral
@ridlwandjogja @jokowi Batiknya Pak Jokowi bagus...,  batiknya pak jokowi bagus,batiknya jokowi bagus,batik jokowi bagus,Jokowi batik is good ,negative
"Yang di survey rakyat yang mana ??

Survei Indikator: Kepuasan terhadap Jokowi 63%, Kepercayaan ke Menkes 44% https://t.co/wBzsJjM2SW",yang di survey rakyat yang mana survei indikator kepuasan terhadap jokowi  kepercayaan ke menkes  ,survey rakyat survei indikator kepuasan jokowi kepercayaan menkes,survey rakyat survei indikator puas jokowi percaya menkes,Survey of the People Survey Indicator Satisfied Jokowi Believes Minister of Health ,positive
"""Saya kira ini bentuk ekspresi mahasiswa, ini negara demokrasi jadi kritik boleh-boleh saja,"" ujar Jokowi. https://t.co/D2nzRmBOAF",saya kira ini bentuk ekspresi mahasiswa ini negara demokrasi jadi kritik bolehboleh saja ujar jokowi ,bentuk ekspresi mahasiswa negara demokrasi kritik bolehboleh jokowi,bentuk ekspresi mahasiswa negara demokrasi kritik bolehboleh jokowi,form of expression of student democracy criticism maybe Jokowi ,positive
"@RyaWiedy Bentulllll.. 
Itu karena mereka sekolah nya jarang belajarrr..
Makanya kurang ajar..
Kena UU ITE modyarr..
Ternyata Jokowi orang yg Sabarrrr...", bentulllll itu karena mereka sekolah nya jarang belajarrrmakanya kurang ajarkena uu ite modyarrternyata jokowi orang yg sabarrrr,bentulllll sekolah nya jarang belajarrrmakanya ajarkena uu ite modyarrternyata jokowi orang yg sabarrrr,bentulllll sekolah nya jarang belajarrrmakanya ajarkena uu ite modyarrternyata jokowi orang yg sabarrrr,Bentulllll school is rarnant for ou mee modyarrterny rice jokowi people ,neutral
"Udah ribut gak karuan ternyata Jokowi nya santai aja, kegaduhan yg gak perlu saat pandemi lagi menanjak parah terutama di Jakarta. https://t.co/OlmdOWkT0f",udah ribut gak karuan ternyata jokowi nya santai aja kegaduhan yg gak perlu saat pandemi lagi menanjak parah terutama di jakarta ,udah ribut gak karuan jokowi nya santai aja kegaduhan yg gak pandemi menanjak parah jakarta,udah ribut gak karuan jokowi nya santai aja gaduh yg gak pandemi tanjak parah jakarta,"it's already noise, it's just relaxed, it's just a rise that doesn't get a severe pandemic of Jakarta ",negative
@yusuf_dumdum @jokowi Yang sabar Pak @jokowi .Tetap semangat untuk Indonesia Raya,  yang sabar pak  tetap semangat untuk indonesia raya,sabar semangat indonesia raya,sabar semangat indonesia raya,Patience of Indonesia's spirit ,positive
"Anak kuliahan aja musti LFH di Thailand sini, Pakdhe @jokowi

Chulalongkorn University Announcement Extension of Temporary Closure of Offices, Class Management and General Operations during the Spread of the COVID-19 (No. 4) https://t.co/iiFFGodNaa",anak kuliahan aja musti lfh di thailand sini pakdhe chulalongkorn university announcement extension of temporary closure of offices class management and general operations during the spread of the  no  ,anak kuliahan aja musti lfh thailand pakdhe chulalongkorn university announcement extension of temporary closure of offices class management and general operations during the spread of the no,anak kuliah aja musti lfh thailand pakdhe chulalongkorn university announcement extension of temporary closure of offices class management and general operations during the spread of the no,anak kuliah aja musti lfh thailand pakdhe chulalongkorn university announcement extension of temporary closure of offices class management and general operations during the spread of the no ,positive
"Penyaluran BLT DD TA 2021
#pendampingdesa 
@jokowi 
@halimiskandarnu 
@imansyukri
@malik_haramain 
@taufikmadjid
@fachrilabalado
@yusradaridesa 
@tppkemendes 
@SukoyoKasekpro 
@azzameldzikrie 
@Brigade01Arwan1 
@HasanZulfahmi 
@AcehTpp https://t.co/4yYWjBebTW",penyaluran blt dd ta pendampingdesa           ,penyaluran blt dd ta pendampingdesa,salur blt dd ta pendampingdesa,Salur Blt DD Ta ForumampingDesdesa ,positive
"Yuk bisa yukkk...

#Jokowi https://t.co/PJpgmoTGb2",yuk bisa yukkkjokowi ,yuk yukkkjokowi,yuk yukkkjokowi,Yukkkjokowi ,positive
@Fadim98171431 @AdeNursaadah @dzulfian @jokowi Emang skrng bs ketangkep??,    emang skrng bs ketangkep,emang skrng bs ketangkep,emang skrng bs ketangkep,I can't be arrested ,negative
@pengangguranRI @KontraS @KPK_RI @jokowi Rakyat kampret al kadruni maksud nya.??,    rakyat kampret al kadruni maksud nya,rakyat kampret al kadruni maksud nya,rakyat kampret al kadruni maksud nya,the people of Kampret Al Kinjruni mean ,neutral
@mngyumu Anter ke rumah pak jokowi, anter ke rumah pak jokowi,anter rumah jokowi,anter rumah jokowi,anter house Jokowi. ,negative
"""Tapi juga ingat kita ini memiliki budaya tata krama, budaya kesopan-santunan ya,"" lanjut Jokowi. https://t.co/Oh0W9pUzjj",tapi juga ingat kita ini memiliki budaya tata krama budaya kesopansantunan ya lanjut jokowi ,memiliki budaya tata krama budaya kesopansantunan ya jokowi,milik budaya tata krama budaya kesopansantunan ya jokowi,"belonging to the culture of the culture of sesopansantan culture, Jokowi ",negative
"@EsterSusiani2 gak percaya jokowi di tuduh kadrun ya mbak...
padahal gak percaya jokowi juga bukan sebuah dosa ...ğŸ˜ğŸ˜ğŸ˜", gak percaya jokowi di tuduh kadrun ya mbakpadahal gak percaya jokowi juga bukan sebuah dosa ğŸ˜ğŸ˜ğŸ˜,gak percaya jokowi tuduh kadrun ya mbakpadahal gak percaya jokowi dosa ğŸ˜ğŸ˜ğŸ˜,gak percaya jokowi tuduh kadrun ya mbakpadahal gak percaya jokowi dosa,"Don't believe Jokowi accuses the cadrun, Mbakpadahal doesn't believe Jokowi Sin ",neutral
@risnawan @jokowi @erickthohir Tidak ada pilihan yg ideal Mas. Harus coba terus sampai ketemu yg efektif.,   tidak ada pilihan yg ideal mas harus coba terus sampai ketemu yg efektif,pilihan yg ideal mas coba ketemu yg efektif,pilih yg ideal mas coba ketemu yg efektif,"Choose the ideal, try to find an effective ",positive
"PresidenÂ Joko WidodoÂ merespons kritik Badan Eksekutif Mahasiswa Universitas Indonesia (BEM UI) yang menyebutnya sebagai 'King of Lip Service.
Jokowi menilai kritik yang disampaikan itu merupakan bentuk ekspresi mahasiswa. https://t.co/gtCO6b3DGy",presidenÂ joko widodoÂ merespons kritik badan eksekutif mahasiswa universitas indonesia bem ui yang menyebutnya sebagai king of lip servicejokowi menilai kritik yang disampaikan itu merupakan bentuk ekspresi mahasiswa ,presiden joko widodo merespons kritik badan eksekutif mahasiswa universitas indonesia bem ui menyebutnya king of lip servicejokowi menilai kritik bentuk ekspresi mahasiswa,presiden joko widodo respons kritik badan eksekutif mahasiswa universitas indonesia bem ui sebut king of lip servicejokowi nilai kritik bentuk ekspresi mahasiswa,President Joko Widodo Response Criticism of the University of Indonesia Student Executive Board BEM UI Call King of Lip Servicejokowi Critic Value Shape Student Expressions ,negative
"@Datuk29315984 @isari68 Coba di survei. Rakyat puas tidak dengan. 
Kerja jokowi.",  coba di survei rakyat puas tidak dengan kerja jokowi,coba survei rakyat puas kerja jokowi,coba survei rakyat puas kerja jokowi,Try surveying the People's Satisfied Jokowi ,neutral
"Jangan lupakan pelanggar HAM pembantaian di km50 gaungkan Terus kasus nya sampai para pelakunya di ketangkap dan adili!

#TheKingOfLipService 
#TheKingOfLipService https://t.co/y2oDPPXWI6",jangan lupakan pelanggar ham pembantaian di  gaungkan terus kasus nya sampai para pelakunya di ketangkap dan adilithekingoflipservice thekingoflipservice ,lupakan pelanggar ham pembantaian gaungkan nya pelakunya ketangkap adilithekingoflipservice thekingoflipservice,lupa langgar ham bantai gaung nya laku tangkap adilithekingoflipservice thekingoflipservice,forgetting violent ham bantai his gorges caught caughtainekingoflipservice thekingoflipservice ,neutral
"Menteri Desa : Kunci Pendampingan Dana Desa Adalah Data
#GusMenteri
@jokowi
@halimiskandarnu
@malik_haramain
@imansyukri
@taufikmadjid71
@yusradaridesa
@azzameldzikrie
@tppkemendes
@BerandaDesaID
@ahmad_dewanto
@Mift4hulMunir https://t.co/09IFyH7tho",menteri desa  kunci pendampingan dana desa adalah datagusmenteri ,menteri desa kunci pendampingan dana desa datagusmenteri,menteri desa kunci damping dana desa datagusmenteri,Village MINISTER KEY DANDAN DULUSUMENTERI Desa Village ,positive
"@Fadim98171431 @AdeNursaadah @dzulfian @jokowi Mau dikasih jg ogah, kalau hrs nutup mata pd kebenaran",    mau dikasih jg ogah kalau hrs nutup mata pd kebenaran,dikasih jg ogah hrs nutup mata pd kebenaran,kasih jg ogah hrs nutup mata pd benar,GOODS will not be able to close the eyes and right ,neutral
"@makLambeTurah Ketua @BEMUI_Official kepingin populer dan dikenal dengan cara paling bodoh dan kocak.
Keliatan kan sifat boss babynya.
Pak @jokowi , coba angkat dia jadi Komisaris, pasti cingurnya lsg mingkem sambil mesam-mesem", ketua  kepingin populer dan dikenal dengan cara paling bodoh dan kocakkeliatan kan sifat boss babynyapak   coba angkat dia jadi komisaris pasti cingurnya lsg mingkem sambil mesammesem,ketua kepingin populer dikenal bodoh kocakkeliatan sifat boss babynyapak coba angkat komisaris cingurnya lsg mingkem mesammesem,ketua kepingin populer kenal bodoh kocakkeliatan sifat boss babynyapak coba angkat komisaris cingur lsg mingkem mesammesem,The chairman's wondered popular to know the Different BOSS Badcakak Boss Tues Cingur LSG Melkem Mesammendese ,negative
@metimecoffee @KontraS @MCAOps @KPK_RI @jokowi Siapa yang jujur.??,     siapa yang jujur,jujur,jujur,honest ,positive
"JOKOWI JAWAB BEM UI:

""Ya, Itukan sudah sejak lama ya, dulu ada yang bilang saya ini klemar-klemer,. ... dan baru baru ini ada yang ngomong saya ini Bapak Bipang dan terakhir ada yang  menyampaikan mengenai The King Of Lip service.""

https://t.co/rq0kf8OnrX via @tribunnews",jokowi jawab bem uiya itukan sudah sejak lama ya dulu ada yang bilang saya ini klemarklemer  dan baru baru ini ada yang ngomong saya ini bapak bipang dan terakhir ada yang  menyampaikan mengenai the king of lip service via ,jokowi bem uiya itukan ya bilang klemarklemer ngomong bipang the king of lip service via,jokowi bem uiya itu ya bilang klemarklemer ngomong bipang the king of lip service via,Jokowi BEM UIYA YES SAY KLEMARKLEMER BIPANG THE KING OF LIP SERVICE VIA ,neutral
"@mulanbilqis @agussusilo7562 @RamliRizal Makan itu bobot akedemis mu itu. Jokowi sukses jd presiden, lu @RizalRamli_id jd menteri aja dipecat karena gak bobot.",   makan itu bobot akedemis mu itu jokowi sukses jd presiden lu  jd menteri aja dipecat karena gak bobot,makan bobot akedemis mu jokowi sukses jd presiden lu jd menteri aja dipecat gak bobot,makan bobot akedemis mu jokowi sukses jd presiden lu jd menteri aja pecat gak bobot,eat your academic weight Jokowi successfully became President Lu became a minister just recharge it didn't weigh ,neutral
@kurawa @KemenegBUMN @jokowi iki piye Pak? @erickthohir  kok bisa Pak?,   iki piye pak   kok bisa pak,iki piye,iki piye,this is somehow ,positive
"@robert868686 @OssyDermawan @ProfYLH @SBYudhoyono @jokowi Yg skrg malah lalak lolok mencla mencle, plangak plongok https://t.co/fZ4p1ufr1U",     yg skrg malah lalak lolok mencla mencle plangak plongok ,yg skrg lalak lolok mencla mencle plangak plongok,yg skrg lalak lolok mencla mencle plangak plongok,Wrong Skrg Control Mencla Plangak Mencla Congok ,negative
